gene_id,variant_rsid,population,allele_frequency,genotype_counts,sample_size,confidence_interval,notes
G6PD,rs1050828,BEB,0.0,"{""hom_ref"": 44, ""het"": 0, ""hom_alt"": 0, ""hemi_ref"": 42, ""hemi_alt"": 0}",86,0.0000-0.0287,"PGx allele: T (orientation: ALT) -- v1 fix: sex-aware recount (chrX non-PAR). 42 hemizygous males (42 ref / 0 alt) + 44 diploid females (44 hom_ref / 0 het / 0 hom_alt). total_alleles=130 (2*n_females + 1*n_males), not 2*n_samples as in the original buggy count."
G6PD,rs1050828,SAS,0.0,"{""hom_ref"": 229, ""het"": 0, ""hom_alt"": 0, ""hemi_ref"": 260, ""hemi_alt"": 0}",489,0.0000-0.0053,"PGx allele: T (orientation: ALT) -- v1 fix: sex-aware recount (chrX non-PAR). 260 hemizygous males (260 ref / 0 alt) + 229 diploid females (229 hom_ref / 0 het / 0 hom_alt). total_alleles=718 (2*n_females + 1*n_males), not 2*n_samples as in the original buggy count."
G6PD,rs1050828,EUR,0.0,"{""hom_ref"": 263, ""het"": 0, ""hom_alt"": 0, ""hemi_ref"": 240, ""hemi_alt"": 0}",503,0.0000-0.0050,"PGx allele: T (orientation: ALT) -- v1 fix: sex-aware recount (chrX non-PAR). 240 hemizygous males (240 ref / 0 alt) + 263 diploid females (263 hom_ref / 0 het / 0 hom_alt). total_alleles=766 (2*n_females + 1*n_males), not 2*n_samples as in the original buggy count."
G6PD,rs1050828,EAS,0.0,"{""hom_ref"": 260, ""het"": 0, ""hom_alt"": 0, ""hemi_ref"": 244, ""hemi_alt"": 0}",504,0.0000-0.0050,"PGx allele: T (orientation: ALT) -- v1 fix: sex-aware recount (chrX non-PAR). 244 hemizygous males (244 ref / 0 alt) + 260 diploid females (260 hom_ref / 0 het / 0 hom_alt). total_alleles=764 (2*n_females + 1*n_males), not 2*n_samples as in the original buggy count."
G6PD,rs1050828,AFR,0.134596,"{""hom_ref"": 256, ""het"": 78, ""hom_alt"": 8, ""hemi_ref"": 278, ""hemi_alt"": 41}",661,0.1149-0.1571,"PGx allele: T (orientation: ALT) -- v1 fix: sex-aware recount (chrX non-PAR). 319 hemizygous males (278 ref / 41 alt) + 342 diploid females (256 hom_ref / 78 het / 8 hom_alt). total_alleles=1003 (2*n_females + 1*n_males), not 2*n_samples as in the original buggy count."
G6PD,rs1050828,AMR,0.013359,"{""hom_ref"": 171, ""het"": 6, ""hom_alt"": 0, ""hemi_ref"": 169, ""hemi_alt"": 1}",347,0.0065-0.0273,"PGx allele: T (orientation: ALT) -- v1 fix: sex-aware recount (chrX non-PAR). 170 hemizygous males (169 ref / 1 alt) + 177 diploid females (171 hom_ref / 6 het / 0 hom_alt). total_alleles=524 (2*n_females + 1*n_males), not 2*n_samples as in the original buggy count."
G6PD,rs1050829,BEB,0.0,"{""hom_ref"": 44, ""het"": 0, ""hom_alt"": 0, ""hemi_ref"": 42, ""hemi_alt"": 0}",86,0.0000-0.0287,"PGx allele: C (orientation: ALT) -- v1 fix: sex-aware recount (chrX non-PAR). 42 hemizygous males (42 ref / 0 alt) + 44 diploid females (44 hom_ref / 0 het / 0 hom_alt). total_alleles=130 (2*n_females + 1*n_males), not 2*n_samples as in the original buggy count."
G6PD,rs1050829,SAS,0.0,"{""hom_ref"": 229, ""het"": 0, ""hom_alt"": 0, ""hemi_ref"": 260, ""hemi_alt"": 0}",489,0.0000-0.0053,"PGx allele: C (orientation: ALT) -- v1 fix: sex-aware recount (chrX non-PAR). 260 hemizygous males (260 ref / 0 alt) + 229 diploid females (229 hom_ref / 0 het / 0 hom_alt). total_alleles=718 (2*n_females + 1*n_males), not 2*n_samples as in the original buggy count."
G6PD,rs1050829,EUR,0.003916,"{""hom_ref"": 261, ""het"": 2, ""hom_alt"": 0, ""hemi_ref"": 239, ""hemi_alt"": 1}",503,0.0013-0.0115,"PGx allele: C (orientation: ALT) -- v1 fix: sex-aware recount (chrX non-PAR). 240 hemizygous males (239 ref / 1 alt) + 263 diploid females (261 hom_ref / 2 het / 0 hom_alt). total_alleles=766 (2*n_females + 1*n_males), not 2*n_samples as in the original buggy count."
G6PD,rs1050829,EAS,0.0,"{""hom_ref"": 260, ""het"": 0, ""hom_alt"": 0, ""hemi_ref"": 244, ""hemi_alt"": 0}",504,0.0000-0.0050,"PGx allele: C (orientation: ALT) -- v1 fix: sex-aware recount (chrX non-PAR). 244 hemizygous males (244 ref / 0 alt) + 260 diploid females (260 hom_ref / 0 het / 0 hom_alt). total_alleles=764 (2*n_females + 1*n_males), not 2*n_samples as in the original buggy count."
G6PD,rs1050829,AFR,0.337986,"{""hom_ref"": 147, ""het"": 155, ""hom_alt"": 40, ""hemi_ref"": 215, ""hemi_alt"": 104}",661,0.3094-0.3678,"PGx allele: C (orientation: ALT) -- v1 fix: sex-aware recount (chrX non-PAR). 319 hemizygous males (215 ref / 104 alt) + 342 diploid females (147 hom_ref / 155 het / 40 hom_alt). total_alleles=1003 (2*n_females + 1*n_males), not 2*n_samples as in the original buggy count."
G6PD,rs1050829,AMR,0.028626,"{""hom_ref"": 165, ""het"": 12, ""hom_alt"": 0, ""hemi_ref"": 167, ""hemi_alt"": 3}",347,0.0174-0.0467,"PGx allele: C (orientation: ALT) -- v1 fix: sex-aware recount (chrX non-PAR). 170 hemizygous males (167 ref / 3 alt) + 177 diploid females (165 hom_ref / 12 het / 0 hom_alt). total_alleles=524 (2*n_females + 1*n_males), not 2*n_samples as in the original buggy count."
